time_utc_iso,twl_ft_mllw,tide_ft_mllw,surge_ft,src_time
2026-03-06T06:00:00.000Z,5.907,5.541,0.4,202603060600
2026-03-06T07:00:00.000Z,6.248,5.843,0.4,202603060700
2026-03-06T08:00:00.000Z,5.897,5.302,0.4,202603060800
2026-03-06T09:00:00.000Z,4.969,4.295,0.4,202603060900
2026-03-06T10:00:00.000Z,3.88,3.186,0.4,202603061000
2026-03-06T11:00:00.000Z,2.919,2.137,0.4,202603061100
2026-03-06T12:00:00.000Z,2.079,1.176,0.5,202603061200
2026-03-06T13:00:00.000Z,0.783,0.283,0.5,202603061300
2026-03-06T14:00:00.000Z,0.442,-0.058,0.5,202603061400
2026-03-06T15:00:00.000Z,2.049,0.764,0.5,202603061500
2026-03-06T16:00:00.000Z,3.627,2.355,0.6,202603061600
2026-03-06T17:00:00.000Z,4.969,3.845,0.6,202603061700
2026-03-06T18:00:00.000Z,5.94,4.962,0.7,202603061800
2026-03-06T19:00:00.000Z,6.448,5.548,0.7,202603061900
2026-03-06T20:00:00.000Z,6.327,5.322,0.7,202603062000
2026-03-06T21:00:00.000Z,5.569,4.475,0.8,202603062100
2026-03-06T22:00:00.000Z,4.598,3.423,0.8,202603062200
2026-03-06T23:00:00.000Z,3.65,2.387,0.8,202603062300
2026-03-07T00:00:00.000Z,2.797,1.479,0.9,202603070000
2026-03-07T01:00:00.000Z,2.01,0.668,0.9,202603070100
2026-03-07T02:00:00.000Z,1.439,0.166,0.9,202603070200
2026-03-07T03:00:00.000Z,2.138,0.636,0.9,202603070300
2026-03-07T04:00:00.000Z,3.699,2.115,0.9,202603070400
2026-03-07T05:00:00.000Z,5.047,3.731,0.9,202603070500
2026-03-07T06:00:00.000Z,6.087,4.947,0.9,202603070600
2026-03-07T07:00:00.000Z,6.638,5.695,0.9,202603070700
2026-03-07T08:00:00.000Z,6.727,5.714,0.9,202603070800
2026-03-07T09:00:00.000Z,6.048,4.98,0.9,202603070900
2026-03-07T10:00:00.000Z,5.067,3.9,0.8,202603071000
2026-03-07T11:00:00.000Z,4.07,2.778,0.8,202603071100
2026-03-07T12:00:00.000Z,3.168,1.769,0.8,202603071200
2026-03-07T13:00:00.000Z,2.368,0.905,0.8,202603071300
2026-03-07T14:00:00.000Z,1.679,0.201,0.8,202603071400
2026-03-07T15:00:00.000Z,1.338,0.165,0.7,202603071500
2026-03-07T16:00:00.000Z,2.499,1.223,0.7,202603071600
2026-03-07T17:00:00.000Z,3.978,2.785,0.7,202603071700
2026-03-07T18:00:00.000Z,5.179,4.081,0.7,202603071800
2026-03-07T19:00:00.000Z,5.989,4.978,0.7,202603071900
2026-03-07T20:00:00.000Z,6.209,5.328,0.7,202603072000
2026-03-07T21:00:00.000Z,5.598,4.908,0.7,202603072100
2026-03-07T22:00:00.000Z,4.657,3.967,0.7,202603072200
2026-03-07T23:00:00.000Z,3.808,2.882,0.7,202603072300
2026-03-08T00:00:00.000Z,2.988,1.869,0.7,202603080000
2026-03-08T01:00:00.000Z,2.191,1.072,0.7,202603080100
2026-03-08T02:00:00.000Z,1.518,0.475,0.7,202603080200
2026-03-08T03:00:00.000Z,1.22,0.318,0.7,202603080300
2026-03-08T04:00:00.000Z,2.578,1.15,0.7,202603080400
2026-03-08T05:00:00.000Z,3.998,2.754,0.7,202603080500
2026-03-08T06:00:00.000Z,5.257,4.227,0.7,202603080600
2026-03-08T07:00:00.000Z,6.117,5.206,0.7,202603080700
2026-03-08T08:00:00.000Z,6.458,5.694,0.6,202603080800
2026-03-08T09:00:00.000Z,6.159,5.475,0.6,202603080900
2026-03-08T10:00:00.000Z,5.287,4.614,0.5,202603081000
2026-03-08T11:00:00.000Z,4.339,3.503,0.5,202603081100
2026-03-08T12:00:00.000Z,3.417,2.399,0.4,202603081200
2026-03-08T13:00:00.000Z,2.558,1.469,0.4,202603081300
2026-03-08T14:00:00.000Z,1.758,0.735,0.3,202603081400
2026-03-08T15:00:00.000Z,1.21,0.23,0.3,202603081500
2026-03-08T16:00:00.000Z,0.928,0.454,0.3,202603081600
2026-03-08T17:00:00.000Z,2.299,1.651,0.2,202603081700
2026-03-08T18:00:00.000Z,3.539,3.105,0.2,202603081800
2026-03-08T19:00:00.000Z,4.578,4.184,0.2,202603081900
2026-03-08T20:00:00.000Z,5.238,4.875,0.1,202603082000
2026-03-08T21:00:00.000Z,5.369,5.029,0.1,202603082100
2026-03-08T22:00:00.000Z,4.729,4.475,0.1,202603082200
2026-03-08T23:00:00.000Z,3.89,3.486,0.1,202603082300
2026-03-09T00:00:00.000Z,3.007,2.397,0.1,202603090000
2026-03-09T01:00:00.000Z,2.168,1.446,0.1,202603090100
2026-03-09T02:00:00.000Z,1.43,0.795,0.1,202603090200
2026-03-09T03:00:00.000Z,0.78,0.413,0.1,202603090300
2026-03-09T04:00:00.000Z,0.951,0.557,0.1,202603090400
2026-03-09T05:00:00.000Z,2.43,1.652,0.1,202603090500
2026-03-09T06:00:00.000Z,3.739,3.273,0.1,202603090600
2026-03-09T07:00:00.000Z,4.929,4.55,0.1,202603090700
2026-03-09T08:00:00.000Z,5.73,5.3,0.1,202603090800
2026-03-09T09:00:00.000Z,5.959,5.575,0.1,202603090900
2026-03-09T10:00:00.000Z,5.389,5.191,0.1,202603091000
2026-03-09T11:00:00.000Z,4.529,4.269,0.1,202603091100
2026-03-09T12:00:00.000Z,3.607,3.165,0.1,202603091200
2026-03-09T13:00:00.000Z,2.758,2.112,0.1,202603091300
2026-03-09T14:00:00.000Z,1.938,1.287,0.1,202603091400
2026-03-09T15:00:00.000Z,1.21,0.675,0.1,202603091500
2026-03-09T16:00:00.000Z,0.708,0.329,0.1,202603091600
2026-03-09T17:00:00.000Z,1.2,0.745,0.1,202603091700
2026-03-09T18:00:00.000Z,2.66,1.994,0.1,202603091800
2026-03-09T19:00:00.000Z,3.808,3.288,0.2,202603091900
2026-03-09T20:00:00.000Z,4.798,4.161,0.2,202603092000
2026-03-09T21:00:00.000Z,5.238,4.693,0.2,202603092100
2026-03-09T22:00:00.000Z,5.169,4.715,0.2,202603092200
2026-03-09T23:00:00.000Z,4.427,4.086,0.2,202603092300
2026-03-10T00:00:00.000Z,3.598,3.083,0.3,202603100000
2026-03-10T01:00:00.000Z,2.84,2.019,0.3,202603100100
2026-03-10T02:00:00.000Z,2.069,1.161,0.3,202603100200
2026-03-10T03:00:00.000Z,1.459,0.649,0.3,202603100300
2026-03-10T04:00:00.000Z,1.138,0.437,0.3,202603100400
2026-03-10T05:00:00.000Z,2.069,0.81,0.3,202603100500
2026-03-10T06:00:00.000Z,3.279,2.074,0.3,202603100600
2026-03-10T07:00:00.000Z,4.509,3.629,0.3,202603100700
2026-03-10T08:00:00.000Z,5.487,4.697,0.3,202603100800
2026-03-10T09:00:00.000Z,6.097,5.269,0.3,202603100900
2026-03-10T10:00:00.000Z,6.136,5.409,0.3,202603101000
2026-03-10T11:00:00.000Z,5.497,4.935,0.3,202603101100
2026-03-10T12:00:00.000Z,4.729,3.999,0.3,202603101200
2026-03-10T13:00:00.000Z,3.749,2.932,0.3,202603101300
2026-03-10T14:00:00.000Z,2.938,1.954,0.3,202603101400
2026-03-10T15:00:00.000Z,2.128,1.224,0.3,202603101500
2026-03-10T16:00:00.000Z,1.479,0.686,0.3,202603101600
2026-03-10T17:00:00.000Z,1.161,0.443,0.3,202603101700
2026-03-10T18:00:00.000Z,2.158,0.989,0.3,202603101800
2026-03-10T19:00:00.000Z,3.44,2.221,0.3,202603101900
2026-03-10T20:00:00.000Z,4.529,3.338,0.3,202603102000
2026-03-10T21:00:00.000Z,5.277,4.058,0.3,202603102100
2026-03-10T22:00:00.000Z,5.608,4.505,0.3,202603102200
2026-03-10T23:00:00.000Z,5.198,4.452,0.4,202603102300
2026-03-11T00:00:00.000Z,4.368,3.785,0.4,202603110000
2026-03-11T01:00:00.000Z,3.568,2.794,0.4,202603110100
2026-03-11T02:00:00.000Z,2.738,1.778,0.4,202603110200
2026-03-11T03:00:00.000Z,1.981,1.009,0.4,202603110300
2026-03-11T04:00:00.000Z,1.39,0.591,0.4,202603110400
2026-03-11T05:00:00.000Z,1.308,0.487,0.4,202603110500
2026-03-11T06:00:00.000Z,2.21,1.026,0.4,202603110600
2026-03-11T07:00:00.000Z,3.45,2.376,0.3,202603110700
2026-03-11T08:00:00.000Z,4.628,3.815,0.3,202603110800
2026-03-11T09:00:00.000Z,5.579,4.713,0.3,202603110900
2026-03-11T10:00:00.000Z,6.038,5.194,0.3,202603111000
2026-03-11T11:00:00.000Z,5.94,5.269,0.3,202603111100
2026-03-11T12:00:00.000Z,5.389,4.755,0.3,202603111200
2026-03-11T13:00:00.000Z,4.48,3.839,0.3,202603111300
2026-03-11T14:00:00.000Z,3.473,2.825,0.3,202603111400
2026-03-11T15:00:00.000Z,2.667,1.913,0.4,202603111500
2026-03-11T16:00:00.000Z,1.993,1.232,0.4,202603111600
2026-03-11T17:00:00.000Z,1.48,0.712,0.4,202603111700
2026-03-11T18:00:00.000Z,1.307,0.532,0.4,202603111800
2026-03-11T19:00:00.000Z,1.939,1.158,0.4,202603111900
2026-03-11T20:00:00.000Z,3.221,2.333,0.5,202603112000
2026-03-11T21:00:00.000Z,4.201,3.306,0.5,202603112100
2026-03-11T22:00:00.000Z,4.858,3.956,0.5,202603112200
2026-03-11T23:00:00.000Z,5.287,4.379,0.5,202603112300
2026-03-12T00:00:00.000Z,5.198,4.283,0.5,202603120000
2026-03-12T01:00:00.000Z,4.616,3.601,0.6,202603120100
2026-03-12T02:00:00.000Z,3.647,2.632,0.6,202603120200
2026-03-12T03:00:00.000Z,2.673,1.658,0.6,202603120300
2026-03-12T04:00:00.000Z,2.061,0.946,0.7,202603120400
2026-03-12T05:00:00.000Z,1.684,0.569,0.7,202603120500
2026-03-12T06:00:00.000Z,1.639,0.524,0.7,202603120600
2026-03-12T07:00:00.000Z,2.188,1.173,0.6,202603120700
2026-03-12T08:00:00.000Z,3.565,2.55,0.6,202603120800
2026-03-12T09:00:00.000Z,4.793,3.878,0.5,202603120900
2026-03-12T10:00:00.000Z,5.501,4.686,0.4,202603121000
2026-03-12T11:00:00.000Z,5.867,5.152,0.3,202603121100
2026-03-12T12:00:00.000Z,5.818,5.203,0.2,202603121200
2026-03-12T13:00:00.000Z,5.19,4.675,0.1,202603121300
2026-03-12T14:00:00.000Z,4.105,3.79,-0.1,202603121400
2026-03-12T15:00:00.000Z,3.027,2.812,-0.2,202603121500
2026-03-12T16:00:00.000Z,2.044,1.929,-0.3,202603121600
2026-03-12T17:00:00.000Z,1.266,1.251,-0.4,202603121700
2026-03-12T18:00:00.000Z,0.526,0.711,-0.6,202603121800
2026-03-12T19:00:00.000Z,0.284,0.569,-0.7,202603121900
2026-03-12T20:00:00.000Z,0.864,1.249,-0.8,202603122000
2026-03-12T21:00:00.000Z,1.893,2.378,-0.9,202603122100
2026-03-12T22:00:00.000Z,2.796,3.281,-0.9,202603122200
2026-03-12T23:00:00.000Z,3.552,3.937,-0.8,202603122300
2026-03-13T00:00:00.000Z,4.078,4.363,-0.7,202603130000
2026-03-13T01:00:00.000Z,4.044,4.229,-0.6,202603130100
2026-03-13T02:00:00.000Z,3.548,3.533,-0.4,202603130200
2026-03-13T03:00:00.000Z,2.685,2.57,-0.3,202603130300
2026-03-13T04:00:00.000Z,1.825,1.61,-0.2,202603130400
2026-03-13T05:00:00.000Z,1.136,0.921,-0.2,202603130500
2026-03-13T06:00:00.000Z,0.758,0.543,-0.2,202603130600
2026-03-13T07:00:00.000Z,0.734,0.519,-0.2,202603130700
2026-03-13T08:00:00.000Z,1.357,1.242,-0.3,202603130800
2026-03-13T09:00:00.000Z,2.75,2.635,-0.3,202603130900
2026-03-13T10:00:00.000Z,4.014,3.899,-0.3,202603131000
2026-03-13T11:00:00.000Z,4.811,4.696,-0.3,202603131100
2026-03-13T12:00:00.000Z,5.404,5.189,-0.2,202603131200
2026-03-13T13:00:00.000Z,5.542,5.227,-0.1,202603131300
2026-03-13T14:00:00.000Z,5.097,4.682,0,202603131400
2026-03-13T15:00:00.000Z,4.217,3.802,0,202603131500
2026-03-13T16:00:00.000Z,3.339,2.824,0.1,202603131600
2026-03-13T17:00:00.000Z,2.555,1.94,0.2,202603131700
2026-03-13T18:00:00.000Z,1.951,1.236,0.3,202603131800
2026-03-13T19:00:00.000Z,1.472,0.657,0.4,202603131900
2026-03-13T20:00:00.000Z,1.466,0.551,0.5,202603132000
2026-03-13T21:00:00.000Z,2.319,1.304,0.6,202603132100
2026-03-13T22:00:00.000Z,3.555,2.44,0.7,202603132200
2026-03-13T23:00:00.000Z,4.563,3.348,0.8,202603132300
2026-03-14T00:00:00.000Z,5.267,4.052,0.8,202603140000
2026-03-14T01:00:00.000Z,5.589,4.474,0.7,202603140100
2026-03-14T02:00:00.000Z,5.297,4.282,0.6,202603140200
2026-03-14T03:00:00.000Z,4.455,3.54,0.5,202603140300
2026-03-14T04:00:00.000Z,3.363,2.548,0.4,202603140400
2026-03-14T05:00:00.000Z,2.2,1.585,0.2,202603140500
2026-03-14T06:00:00.000Z,1.414,0.899,0.1,202603140600
2026-03-14T07:00:00.000Z,0.802,0.487,-0.1,202603140700
2026-03-14T08:00:00.000Z,0.676,0.461,-0.2,202603140800
2026-03-14T09:00:00.000Z,1.377,1.262,-0.3,202603140900
2026-03-14T10:00:00.000Z,2.713,2.698,-0.4,202603141000
2026-03-14T11:00:00.000Z,3.873,3.958,-0.5,202603141100
2026-03-14T12:00:00.000Z,4.707,4.792,-0.5,202603141200
2026-03-14T13:00:00.000Z,5.233,5.318,-0.5,202603141300
2026-03-14T14:00:00.000Z,5.231,5.316,-0.5,202603141400
2026-03-14T15:00:00.000Z,4.632,4.717,-0.5,202603141500
2026-03-14T16:00:00.000Z,3.714,3.799,-0.5,202603141600
2026-03-14T17:00:00.000Z,2.712,2.797,-0.5,202603141700
2026-03-14T18:00:00.000Z,1.821,1.906,-0.5,202603141800
2026-03-14T19:00:00.000Z,0.975,1.16,-0.6,202603141900
2026-03-14T20:00:00.000Z,0.355,0.54,-0.6,202603142000
2026-03-14T21:00:00.000Z,0.327,0.512,-0.6,202603142100
2026-03-14T22:00:00.000Z,1.211,1.396,-0.6,202603142200
2026-03-14T23:00:00.000Z,2.415,2.6,-0.6,202603142300
2026-03-15T00:00:00.000Z,3.479,3.564,-0.5,202603150000
2026-03-15T01:00:00.000Z,4.235,4.32,-0.5,202603150100
2026-03-15T02:00:00.000Z,4.711,4.696,-0.4,202603150200
2026-03-15T03:00:00.000Z,4.406,4.391,-0.4,202603150300
2026-03-15T04:00:00.000Z,3.574,3.559,-0.4,202603150400
2026-03-15T05:00:00.000Z,2.536,2.521,-0.4,202603150500
2026-03-15T06:00:00.000Z,1.57,1.555,-0.4,202603150600
2026-03-15T07:00:00.000Z,0.869,0.854,-0.4,202603150700
2026-03-15T08:00:00.000Z,0.398,0.383,-0.4,202603150800
2026-03-15T09:00:00.000Z,0.385,0.37,-0.4,202603150900
2026-03-15T10:00:00.000Z,1.403,1.288,-0.3,202603151000
2026-03-15T11:00:00.000Z,2.92,2.805,-0.3,202603151100
2026-03-15T12:00:00.000Z,4.214,4.099,-0.3,202603151200
